{
  "project_info": {
    "project_number": "606246433879",
    "project_id": "rittanetwork",
    "storage_bucket": "rittanetwork.appspot.com"
  },
  "client": [
    {
      "client_info": {
        "mobilesdk_app_id": "1:606246433879:android:d7148da33635c871965f12",
        "android_client_info": {
          "package_name": "com.example.sampleproject"
        }
      },
      "oauth_client": [
        {
          "client_id": "606246433879-dqb8irj4kfk0u8e29k9dlu6bm1i9jrt0.apps.googleusercontent.com",
          "client_type": 3
        }
      ],
      "api_key": [
        {
          "current_key": "AIzaSyCvlD1Rm2ytVH1df35c2vWTRprWM7txWeE"
        }
      ],
      "services": {
        "appinvite_service": {
          "other_platform_oauth_client": [
            {
              "client_id": "606246433879-dqb8irj4kfk0u8e29k9dlu6bm1i9jrt0.apps.googleusercontent.com",
              "client_type": 3
            }
          ]
        }
      }
    }
  ],
  "configuration_version": "1"
}